job_title,company_name,time_posted,num_applicants
Full Stack Web Developer (Python),PIXOMONDO,6 days ago,94 applicants
Python Developer,Luxoft,1 day ago,
Senior Python Developer,Prodigy Labs a UST Company,4 days ago,
Web Developer,TV2 Consulting,4 months ago,
Développeur Python/Développeuse Python,Astek Canada,1 day ago,102 applicants
Python Developer CTS,Diverse Lynx,1 week ago,33 applicants
Backend Developers- Canada,Zortech Solutions,2 months ago,85 applicants
Full-stack developer,Experfy,11 months ago,
Junior Web Developer,Clio - Cloud-Based Legal Technology,2 weeks ago,
Web Applications Developer,TV2 Consulting,1 month ago,
Full Stack Developers,Zortech Solutions,2 months ago,107 applicants
Full Stack Engineer,Nightfall AI,3 weeks ago,
Python Library Developer,Veritas Search Group,1 week ago,41 applicants
Senior Full-stack Developer,Zortech Solutions,4 months ago,146 applicants
SDET (Selenium/ Java/Python),Zortech Solutions,1 week ago,35 applicants
Senior Software Engineer | Python Developer,Scotiabank,1 week ago,
Python Developer- ONSITE,Diverse Lynx,1 month ago,
Full Stack developer -Designer,Zortech Solutions,4 months ago,168 applicants
UI Web Developer,Zortech Solutions,1 week ago,87 applicants
Full stack Developer,Zortech Solutions,1 week ago,44 applicants
